A,B,c,D,E,F,G,H,I,J,K,L,M,N,O,P,Q,R,S,T,output
-0.096385614,-0.463170912,0.163604912,-0.220204894,0.036477157,-0.224424344,0.030788572,-0.134097265,-0.029650268,-0.115415561,-0.154151963,0.094784274,0.046894797,-0.073582656,-0.024902389,0.109429498,0.017466415,0.057291775,0.038187091,-0.057690289,0
0.841418836,0.872973661,-0.318441965,0.370022517,0.211069262,0.262569068,-0.065873213,-0.159367412,-0.337383017,0.052510978,-0.063512996,0.039218658,0.132963053,0.066058406,0.008030465,-0.048532121,-0.072752576,0.160157153,0.006609048,0.063386668,0
0.219264115,-0.043121639,-0.414423842,0.642551845,0.078145288,-0.037223511,0.492448924,0.07431844,0.085681219,-0.02584733,-0.027384046,0.049190498,-0.198370198,0.018303978,-0.122728778,0.068814155,0.043694667,-0.026569289,-0.022346562,-0.007559905,0
-0.330197497,1.99422187,-0.073758908,0.29270727,0.028557822,-0.071912644,0.276870176,-0.35916509,-0.118835029,-0.152760873,0.109748821,0.164414494,-0.175748578,0.010093245,0.292269326,-0.008789498,0.101238703,0.04518154,0.017012741,0.020178218,0
0.361008784,-0.220103667,0.046679021,0.302935261,0.219307242,0.36953407,-0.168329107,0.300660641,0.037259626,-0.088486063,0.036402539,0.066327721,0.017170085,-0.097771305,-0.063552875,0.049148078,0.063084596,0.050128848,-0.023591144,0.0471897,1
-0.5826489,0.563734541,-0.138380967,0.224817812,0.135760057,0.187303196,-0.23046737,0.091735199,-0.073863406,-0.039725432,0.029538836,0.013409139,0.094486314,-0.050025819,0.008628097,0.074909959,0.021829372,-0.000216391,0.016276107,0.021398923,1
-0.507479227,0.348125705,0.034251442,0.063562999,0.315472004,-0.201937779,-0.234817765,-0.172691921,-0.105511345,0.068302679,-0.093150208,0.117754682,-0.169326152,-0.052034932,-0.088180647,-0.077421792,0.028288193,0.006844641,0.045583131,-0.042300613,1
-0.564476001,0.798414623,-0.319530026,0.178774642,-0.050240717,-0.181648501,-0.064847777,-0.17403371,0.12646406,-0.07255139,-0.089179616,-0.113951022,0.045564958,-0.047752163,0.029377864,-0.069706324,-0.033887942,-0.059564157,0.038911058,0.006111618,0
-0.35941283,1.4397716,-0.051034194,-0.776664313,0.471742896,-0.500653444,0.132371644,0.208435077,-0.29852498,0.244583781,-0.001694124,0.139304759,0.087132989,0.116445186,-0.010676645,0.166183756,0.138180452,-0.063882292,-0.024536238,0.10949719,0
-0.760051661,-0.545702288,-0.217061375,0.37441261,-0.1415933,-0.427260039,0.157677354,0.075547368,0.017618449,0.011504906,-0.087861838,0.103025092,-0.009368404,0.019065644,0.065765329,0.06049874,0.007828761,0.060194914,-0.006353694,0.013354065,0
-0.376793638,0.157387818,-0.349881992,0.435346952,-0.072249269,-0.223192468,0.177793738,0.123014318,-0.087560289,0.077364876,0.009020107,0.038038308,0.017972704,0.174036847,0.019336221,-0.074400802,-0.027897198,-0.069617089,-0.007631204,0.069308091,0
-0.577998942,-0.221493452,0.14887418,0.560319054,-0.082873316,-0.214699045,0.312596188,0.20862081,0.256464311,0.040455528,0.006917918,-0.149458697,0.01793042,-0.091191303,0.043563972,-0.087364996,0.008887548,0.014542862,0.00105814,-0.001207149,0
-0.312797048,0.533335226,-0.060945242,-0.516903967,0.135118786,-0.108903372,0.10409417,-0.102894015,-0.222774401,-0.150288221,0.00489376,0.006052737,0.025851404,-0.157225807,-0.096971783,0.053894236,0.059344248,-0.123020684,0.027477097,0.028989543,1
-0.664890584,-0.236979061,-0.250834516,0.427831746,-0.143676373,-0.316571662,-0.09938881,0.007301952,0.087391568,0.058424322,0.092119677,-0.043639293,0.037324211,0.117065483,0.049102513,0.052705344,-0.04863051,0.026949743,-0.018374378,0.004499048,0
0.005730338,0.354800603,-0.090591407,-0.266263443,-0.070233768,0.251671389,-0.246245549,-0.185776955,-0.118142911,-0.096723125,-0.024208579,0.045407918,-0.103567201,-0.049666377,-0.034004121,-0.027464542,0.027382133,0.094141728,0.045160412,-0.017501132,1
-0.012491762,0.713479929,0.07005087,0.115319864,0.040182388,0.660600139,0.25913297,-0.026722734,-0.021923565,0.036102111,-0.0338224,-0.176782434,0.005034693,0.040946561,-0.054667168,-0.054625331,-0.056000244,0.019843691,0.051020119,-0.006000606,0
0.455713009,-0.70724328,-0.300947067,-0.22452937,-0.147990576,0.037948735,-0.037251535,-0.067743304,-0.083437143,-0.105874526,0.111502179,0.077512592,-0.106959186,0.069640634,-0.099153307,0.012528139,-0.090080004,0.011475816,0.056087116,-0.04592313,1
0.156117582,0.0597196,-0.491197391,0.235283493,-0.107904137,-0.267807375,-0.18354965,-0.171713324,-0.149178032,-0.043760746,0.222269208,-0.016955133,-0.001958823,-0.010043969,-0.057454707,-0.027674496,-0.100440326,0.037591418,0.072977031,-0.034517104,0
0.423000999,0.769052023,-0.210845458,0.640571832,0.275038935,-0.139560471,-0.064972155,-0.215858183,-0.099581666,-0.139217646,-0.245821209,-0.17395107,-0.262780234,-0.091151946,-0.27971366,0.003413417,-0.095587809,0.008592266,-0.033831804,0.010035907,0
-0.430635596,0.589768753,-0.457533318,-0.002831433,-0.122205038,-0.143252005,0.101857142,-0.008282542,-0.035847793,-0.040264692,-0.141766246,-0.221854797,-0.101239799,0.178609449,-0.067519958,-0.015672328,-0.026028854,-0.003789461,-0.058298479,0.072126464,0
0.168181757,-0.359959039,0.399944908,-0.032915515,0.307622054,0.022418768,-0.06473198,0.023664371,0.074118414,0.212143873,0.09891232,0.067512848,0.02377629,0.057455786,-0.037508331,0.000111772,0.044951871,0.049652118,-0.052542338,0.023715427,0
-0.166867903,0.285858971,-0.246397392,-0.229454341,-0.26601494,-0.038422795,0.011843745,-0.068152433,-0.089273304,-0.013962815,0.065968658,-0.091727275,0.086659531,0.014531755,0.051207138,-0.078037046,-0.028682925,-0.013356943,0.054419461,0.05495523,0
-0.229000103,-0.199198411,-0.168622329,0.509331885,0.239411119,0.007770787,0.000319787,0.166070695,-0.04400018,-0.11725578,-0.083566809,0.036209382,0.037809603,0.037167006,0.070415669,-0.027779483,-0.011442657,-0.012354304,-0.006789185,-0.023964451,0
-0.658645358,0.731886846,-0.253567814,0.233190534,0.077297481,-0.210423367,0.117313798,-0.122849181,-0.282506721,0.028539721,0.012754328,0.077310998,0.116503456,-0.035948867,-0.0884549,0.133922679,0.059014643,0.026531819,0.077079768,0.026931564,0
0.023826973,0.342705263,-0.159296479,0.147636545,-0.167604959,-0.176187119,-0.118075278,-0.11356551,0.262862064,-0.034436602,0.007018601,-0.007854001,0.161451044,-0.135307078,-0.044030104,0.011272475,-0.057605983,-0.064550492,-0.0398277,0.024368819,0
0.155003183,0.019875721,-0.407370492,-0.172471752,-0.127070941,-0.043060688,0.186281402,0.157471116,-0.222480211,-0.049406543,0.006016106,0.050637985,0.035036155,-0.083725299,0.024689456,-0.077917855,0.148444443,-0.03462871,0.009239487,0.037645463,0
-0.379587655,0.302840686,-0.538981339,0.205587986,-0.016212161,-0.081284878,0.15366973,0.061347206,-0.061986818,-0.024065372,-0.073832336,0.048519507,0.050410895,0.071568294,0.006153524,0.014011869,0.03791335,-0.043358263,0.035477271,0.086213346,0
-0.542869777,0.05589786,0.091791335,-0.290246438,0.240451576,0.096316822,0.112236954,-0.011021581,0.010143035,0.239035074,0.062188424,0.020027914,0.086275193,-0.051890767,-0.012721609,0.033406653,-0.014766394,-0.035918005,-0.022518831,0.047993393,0
-0.570009066,-0.81741095,0.626359605,0.454499852,0.310272618,-0.396095973,-0.289453479,-0.122978075,-0.168398532,0.23693064,-0.230379957,-0.114565061,0.143145189,-0.031473891,0.001364256,-0.081904196,0.147223749,-0.141046726,0.02849419,0.071766526,0
-0.724442238,0.176268172,-0.258730777,0.034111433,-0.011904673,0.08367403,-0.114754982,0.189679528,-0.044360888,-0.017531548,0.062325757,-0.183717546,-0.045912776,0.074368186,0.068344764,0.030911647,-0.009631282,-0.001412272,-0.132290127,-0.043463984,0
-0.957511157,-0.581908122,0.028917294,0.000150253,-0.154063648,0.223342344,0.11656005,-0.031624527,-0.079176388,0.062681751,-0.10746084,-0.039099047,0.05636795,-0.048834483,-0.026685813,0.00929997,-0.086921987,0.01299338,-0.033543791,0.003846011,0
-1.019599753,0.320850211,-0.050448265,0.068620428,-0.073601896,-0.259403447,-0.37757989,-0.129489585,0.103531045,-0.156762412,0.089832972,-0.016820121,0.06131751,-0.019602731,-0.004679265,-0.012689784,0.005603221,0.006796468,0.008952569,-0.063025178,0
0.850501062,0.617957309,0.509988937,-0.037829401,-0.185351778,0.139844178,0.708053315,0.058549505,-0.313843405,0.035967981,0.12465399,-0.082729155,0.026868321,0.14247637,0.035491248,-0.079918547,-0.102655804,-0.055877443,-0.032245702,-0.058019642,1
-0.730155399,0.20071898,-0.307232199,0.287416619,0.019381155,-0.176717207,-0.003393285,-0.060432009,-0.050222243,-0.027719526,-0.063072576,-0.008023929,0.018898061,-0.041674558,0.033519061,-0.034494939,-0.007329809,0.040627877,0.024247985,0.007552823,0
-0.889809497,-0.065814558,-0.321763626,0.010405676,-0.112785621,0.038348833,-0.021856331,-0.024031501,-0.031219856,0.043259793,-0.01808008,-0.076827731,0.035988022,-0.00344449,0.059286196,-0.021205729,-0.017353671,-0.018601683,-0.045454979,0.063357502,0
0.313854389,0.231640539,-0.148923228,-0.057658033,-0.041478008,0.519116624,-0.028005895,0.098863205,-0.038979856,0.019277773,0.211378825,-0.065796415,0.077999627,0.056514056,0.023034493,-0.013761068,0.047428258,-0.082879931,-0.0187099,-0.020528749,1
-0.730247114,0.494151857,-0.333628458,0.245670422,-0.069587954,-0.07447769,-0.126420484,-0.06816548,0.097589265,0.041515978,0.076860846,-0.057701113,-0.035807268,0.050430161,-0.04580773,0.061679364,0.012955121,-0.064921234,-0.073013042,0.012054673,0
-0.704035216,-0.490310231,-0.11603813,-0.021858064,-0.116435497,0.064560941,-0.056394087,0.042565429,-0.042964417,-0.023307588,0.046673728,-0.056357848,-0.02494305,0.011678285,0.00327508,0.018425535,-0.031060352,0.016586377,-0.046369764,-0.039543174,1
0.361901252,-0.245223328,-0.139424002,-0.178694432,0.225099635,0.158150373,-0.086174467,-0.209123614,-0.013389248,0.223840469,0.211071733,0.083762111,-0.1049089,0.10904592,-0.082617215,-0.059148945,-0.041444209,-0.000146996,0.055202076,-0.02607485,1
-0.417764048,0.177741108,-0.102674806,-0.129184344,0.325052527,-0.100359174,-0.007453724,-0.140287552,-0.098044245,-0.202220539,-0.12423831,-0.049171607,-0.053602038,0.021149309,0.033942101,0.062910091,-0.080699588,-0.08173027,0.041598238,0.038885696,0
-0.084757744,0.606337533,0.256195294,-0.095822757,-0.126340932,0.083696439,-0.130932095,0.270004285,-0.258317876,0.0923552,-0.021707668,-0.03825605,0.136549901,-0.039262191,-0.007817907,-0.10144733,0.015069081,0.021481724,-0.047569741,-0.01495202,1
-0.561241958,0.193792528,0.104815451,-0.232646673,-0.217622174,0.164600562,-0.262801488,-0.138849245,-0.091435899,0.029771006,0.147832448,0.013791846,-0.072175135,-0.027225478,-0.007459088,-0.045902763,-0.023057399,-0.03507141,-0.018004003,0.015055928,1
-0.543467636,0.229956212,-0.180803595,0.205620116,-0.182074639,-0.253667709,-0.155608359,-0.111403715,0.202849482,-0.062208074,-0.053306664,0.006965118,-0.038027171,-0.025597492,0.094745273,-0.085809696,-0.008262663,-0.036006903,0.024773941,-0.015215372,0
0.078482575,0.368874099,-0.278886232,-0.224324482,0.0745662,-0.279829338,0.093045652,0.18721253,-0.296523687,-0.06518456,0.0080887,0.128497213,0.030137403,0.016478198,-0.017431011,-0.049222145,0.016365031,-0.125551169,0.011835545,0.003868108,0
-0.715035866,-0.140701453,-0.082570809,-0.019359426,0.156993351,0.397220975,-0.188862231,0.10062654,-0.178228731,0.000182465,-0.107285865,0.096039831,-0.007794446,0.011367706,0.082601202,-0.041638519,-0.004579563,0.032266285,0.001830511,-0.01821848,1
0.690552501,0.674355298,0.110049151,0.877112988,0.246257588,0.129180223,0.414768688,-0.144379912,-0.046791098,-0.056979803,0.308187074,-0.082256579,-0.073166421,-0.226152427,0.026259385,0.161632279,0.064881848,0.004053358,-0.080329961,-0.043666223,0
0.337085671,0.25777428,0.466623971,-0.028178751,-0.062558098,-0.241641521,-0.193424717,0.066525798,0.192557497,-0.251899146,-0.326272258,0.407468825,-0.255653705,0.235215578,0.291796508,0.078814092,-0.088106636,-0.017391285,-0.079009679,-0.010449002,1
-0.290007069,0.262336937,-0.122422456,0.285993808,-0.031657891,-0.011062576,-0.133499275,0.237862779,0.080873725,0.041203881,0.043028684,-0.212134192,0.04794608,0.052531633,-0.00213072,-0.093549163,-0.044348091,0.016545759,-0.051018535,0.015696536,0
0.47766677,-0.197663204,0.09607996,-0.098628308,0.01202579,0.148793353,0.122312508,-0.025285558,-0.004787745,-0.150708413,0.055788438,0.106833551,-0.032189889,0.080666228,0.088379561,-0.098791742,0.016667787,-0.091037467,-0.01488792,0.002672116,1
-0.684767852,0.070355874,0.015462645,0.287233288,-0.151920392,-0.241801542,-0.056182147,0.128861784,0.159991032,0.090412261,-0.103458268,0.055139504,-0.00425496,0.168057654,-0.089965104,0.008974429,-0.013719515,0.060173456,-0.040022807,-0.020572344,0
-0.22387952,0.500203015,0.14709248,-0.095850548,-0.226843022,-0.216188628,-0.047698891,0.319859422,-0.137310025,0.081250788,-0.068867552,-0.112173606,0.158086893,0.003947537,-0.003491386,-0.120865689,-0.058865317,-0.062348067,-0.016203654,-0.012423998,0
-0.484879726,0.878447129,-0.231398901,0.256580962,0.07479326,0.010040734,-0.454391904,0.148499817,0.050185239,-0.020111463,0.015677127,0.127474979,0.042300257,-0.037010199,0.087928908,0.208779142,-0.000228108,-0.062791701,0.055459626,-0.036591378,0
-0.288736956,0.381407854,-0.196385577,-0.050259054,0.002154327,0.22598697,-0.247974107,-0.119756601,0.021761422,0.075178834,0.063748937,0.042924178,-0.044839214,0.025084175,-0.085341299,-0.058790047,-0.002189972,0.00837089,-0.021242264,-0.01122795,0
-0.113700122,0.64644263,-0.265949757,0.06295825,0.038930223,-0.303794979,-0.148704041,0.152229099,-0.031315227,-0.062017169,0.078446137,-0.006231372,0.062615491,-0.099901285,-0.069139547,0.086195757,0.066973392,0.025578714,-0.040014826,-0.048840231,0
-0.279488464,-0.508920952,0.135026222,0.260171906,-0.001624471,0.285427182,0.609373629,-0.443224245,0.124786761,-0.13706738,0.095455887,0.080426051,0.047191359,-0.028543735,0.060632271,0.090543427,0.002593375,-0.001896749,-0.031952792,0.041918613,1
0.043336168,-0.109070606,-0.141704015,0.252975148,0.71799165,-0.427104497,-0.037658236,-0.089162676,0.136270417,0.029988903,0.058241857,0.073950628,-0.035639944,0.075928005,-0.091208071,0.03521534,0.024856051,0.030922676,-0.032118147,-0.029213356,0
1.795257899,0.923865066,0.70006542,0.256335619,0.073773316,0.007124383,-0.207368457,-0.04243286,0.282183367,-0.328481368,0.053150968,0.456749816,0.30681567,-0.171588019,-0.178013581,-0.188422594,-0.047886891,-0.022019888,-0.183183747,0.043570047,0
-0.044471656,-0.580751019,0.005053922,0.228342125,0.392476308,-0.163660974,0.28368394,-0.002802062,0.077105611,0.3115854,-0.049754368,0.020924026,0.124449227,0.036385813,-0.122103968,-0.022314795,-0.022254345,-0.050292136,-0.017533857,-0.037662554,1
0.178939333,0.042302856,-0.315387205,-0.071489084,0.122747157,-0.297159245,0.156018067,0.013275189,0.319638103,0.137639996,-0.185229903,-0.03190426,0.164773118,-0.14567764,-0.059431403,0.002706837,-0.022610821,-0.014246357,-0.020257646,0.011240796,0
-0.482918168,-0.116893853,-0.246045571,0.299884699,-0.175782236,-0.203598802,0.065529829,-0.106902107,0.11894446,0.011321027,-0.118605623,0.028694373,0.076690673,-0.031286141,-0.123010938,-0.099281916,-0.000120233,-0.028326974,0.05058652,-0.038342287,0
0.525999636,-0.257767834,-0.000897489,-0.03818288,0.074366889,0.246638208,0.3626728,-0.288105638,-0.029872062,0.198719286,0.090211141,0.033132304,-0.037662597,-0.030551314,-0.151843772,0.044026233,-0.048897765,-0.042851188,0.027593141,0.003288882,1
-0.978984745,-0.427641874,0.310513003,-0.156275051,-0.225011546,0.223581926,-0.096738125,-0.039652338,-0.01475938,0.02767402,0.046462841,0.117472729,0.020514906,-0.038852692,0.010887946,0.052404721,-0.004228958,0.075547288,-0.029506516,0.020346938,0
0.085847137,0.184190973,0.663057698,0.512568341,0.226473245,0.230155385,-0.020761274,-0.354659705,0.005205817,0.234807484,0.299819266,-0.194254584,0.061505157,0.006407589,0.23391513,-0.043912701,-0.005168526,-0.064040494,0.043687841,-0.026221984,0
-0.370728591,-0.191951707,-0.059355733,0.50160749,-0.003901392,-0.154987399,-0.044896572,0.000578728,-0.017753658,0.078484586,-0.068764893,0.086202208,0.096219874,0.002248469,-0.014174207,-0.007827432,0.018400786,0.052326359,0.006063004,-0.031264245,0
-0.571317304,0.760668891,0.305826585,0.19404323,0.009141022,0.430548201,0.468692237,-0.491946355,0.075995986,-0.122364693,-0.0142655,-0.043962077,-0.014121996,0.030592769,0.033165004,0.102924215,-0.059871835,0.0862667,0.039622442,0.010593604,0
0.184699734,0.01179378,0.201120797,-0.019319836,0.593540546,-0.11372774,-0.138925154,0.07560518,-0.107455503,-0.337717651,-0.06496897,-0.046071131,0.059407245,-0.084039794,-0.04553369,-0.116832874,-0.043863783,-0.06886591,0.006866584,-0.009694522,1
0.365388404,-0.215815269,0.151540787,0.663906335,0.441086702,-0.045625563,0.069892363,0.04938546,-0.021846706,-0.207980215,0.077696403,-0.177173945,-0.101582717,0.027171692,0.219378645,0.045258672,0.077152862,-0.0115146,0.01366025,-0.007530606,0
0.602429722,0.001081164,-0.279626977,-0.134816618,-0.023374245,0.330367045,-0.116468103,-0.063506123,-0.044326804,-0.10076979,0.009856232,-0.011705768,0.136496894,0.023929647,-0.039152364,0.126616117,-0.08482478,-0.006056407,0.074540253,0.045181223,1
0.580066556,-0.414888105,-0.41689554,0.180530396,-0.153211968,-0.005508839,0.281734584,0.146457961,0.075898475,0.177871031,0.032325057,0.055361059,-0.202847041,0.132966883,-0.009773016,0.073100765,0.060103477,-0.010563765,-0.048622525,0.028370119,0
-0.191999345,-0.467259435,0.25866092,0.041136275,0.023219347,0.310957693,0.043439915,-0.022736582,-0.085003289,-0.036691013,-0.061453674,0.015469214,-0.051448061,0.074836003,-0.078612024,0.023770739,-0.067121944,-0.00526997,-0.026906323,0.014246393,0
0.216709104,0.199819905,0.066300838,0.289780208,-0.019040233,-0.015756593,-0.022615336,-0.250567889,0.230583416,-0.076301509,-0.043120956,0.046558013,-0.022612765,-0.228939127,0.039421118,-0.008903785,0.026221874,-0.053561948,-0.000782188,-0.035086377,0
-0.800047864,-0.415869737,-0.046001641,0.27707595,-0.0582271,-0.117016572,-0.058624598,-0.023892799,-0.038365671,0.045449382,0.099328212,-0.0137695,0.106675949,0.023866363,0.005667663,0.018191877,-0.063364953,0.060804927,-0.014440695,0.00824854,0
-0.286674768,0.444532602,-0.367476475,0.42772653,0.185873431,0.188003823,-0.26401469,0.096364754,0.145662646,0.00165566,-0.063434298,0.024771668,0.153108271,-0.00860081,0.089679744,0.113620318,-0.034953478,-0.030891131,0.078596959,-0.017979218,0
1.500659079,-0.34011943,-0.542880533,-0.255038354,-0.056162359,0.009058332,-0.104016961,0.007914377,0.263386808,-0.132751736,-0.05131323,0.134948708,-0.019014314,0.156294136,0.071006234,1.74E-05,0.040596498,0.021046513,-0.015507514,-0.001496949,1
0.778275507,0.624116144,-0.520483854,-0.331662971,0.038694205,-0.094900072,0.131109764,-0.017635216,-0.059881444,0.016804105,-0.24010552,-0.076896384,-0.184359231,-0.023659823,0.030344413,-0.109216119,0.014734731,-0.001672755,0.042196687,-0.001739389,0
-0.52317074,-0.30413019,-0.172637814,0.046134379,-0.134670427,-0.045687244,0.044747969,0.000435621,-0.022152412,0.012204649,0.076072991,0.061689964,0.011150529,0.134633512,0.021219491,-0.026531615,-0.058221369,-0.053835641,0.024390442,0.037154423,0
-0.802646551,-0.250968039,-0.322446079,0.113321238,-0.112528511,0.006548318,0.094740419,0.117271269,-0.069448399,0.05875714,-0.108491985,0.055561042,0.025998787,-0.094013638,0.054692361,0.01592108,0.066932912,0.013496267,0.010002637,-0.033109195,0
-0.424005073,-0.573630092,-0.536876911,0.126174428,0.26398255,-0.076630924,0.162625306,0.125196133,0.044242657,-0.190266275,-0.021529417,-0.070262939,0.068940409,0.027620367,0.012442492,0.011201236,-0.00494192,0.032433549,-0.013801176,0.000829075,0
-0.214857076,1.458841914,0.43613567,-0.065739726,-0.204501929,-0.223356316,0.773718296,0.313437981,-0.102971325,-0.024887219,0.014487918,0.37101296,0.186817446,0.102188039,-0.017117351,-0.04437287,-0.086018459,-0.127632499,-0.020232305,-0.138238756,0
-0.716475914,0.374859715,0.182230753,-0.137103601,-0.209077827,-0.34033,-0.063552192,-0.027951023,-0.072203675,0.111455518,0.065026793,0.111822569,-0.04996989,0.013367895,-0.05678333,-0.020130849,0.057864476,0.026979009,-0.055549697,-0.014579621,1
-0.314469528,0.292492005,0.081449482,-0.102650112,0.552880769,-0.17459899,0.133145752,0.198063581,0.000251826,-0.231035177,-0.071895195,-0.207819696,0.03583234,-0.038287187,0.19449256,-0.157944176,-0.064615229,0.066545157,0.054771784,0.002816201,0
-0.439779086,0.368738115,0.312177472,0.278063164,-0.159181941,-0.300792004,-0.235055859,-0.074174778,0.127861107,-0.038992656,0.198725008,-0.006612026,-0.00797723,0.108807984,0.025984509,-0.037486038,0.050054981,0.040456156,0.045668951,0.017455383,0
0.104961879,-0.350949578,-0.110947927,-0.289256455,-0.140169894,0.195981287,0.179835995,0.15216412,-0.183394651,-0.009931377,-0.03534086,0.088117782,-0.043631536,0.110102699,-0.059881162,-0.147414937,0.026100007,-0.015805801,0.025281348,0.047761157,0
1.11572329,0.288757583,0.026373252,-0.617619334,0.540532722,-0.056159218,0.074153669,0.164740561,0.337314827,-0.253425633,0.048721091,-0.210468784,-0.004469056,-0.063408543,-0.114210484,0.069071657,0.020971305,0.008332797,0.001547129,-0.026087193,0
-0.22889482,0.641700318,0.023264983,-0.281048053,-0.34022245,-0.103039109,-0.339787617,-0.424790862,-0.025756306,-0.110200687,0.197660715,0.13098799,-0.091944112,0.063135235,-0.109871886,-0.092018079,0.019534418,-0.009040216,0.072319618,-0.014200199,0
-0.653935748,-0.296321305,-0.130116726,0.012961503,-0.013978371,0.516149673,-0.009655099,0.124880926,-0.160611067,0.068242107,0.061548734,0.14528089,0.006679487,-0.035687768,0.044384036,-0.018912559,0.072539454,0.026438415,-0.041103173,0.056614419,1
0.3038298,-0.128631099,-0.16404853,0.002099442,-0.070096939,0.114403233,0.084996742,-0.035570759,-0.028154943,-0.094958288,-0.164073777,-0.003689569,-0.047592073,-0.111899979,-0.010808409,-0.025928227,-0.03314654,0.02708871,0.018077768,0.043957594,0
-0.002713032,0.22654794,1.038048455,0.420296965,0.050004151,-0.316569418,0.009122328,1.120428933,0.326509887,0.011777819,0.362731215,0.172199343,-0.244978259,-0.239235621,-0.125043088,-0.019294396,-0.113101203,0.048949849,0.188529759,0.171260233,0
-0.462321675,0.351506963,0.245525442,0.12522046,-0.108489173,-0.123594291,0.403253811,-0.269289083,0.042749141,-0.179024241,0.152429939,0.013644589,-0.094436598,0.094498679,-0.019339136,-0.016976607,0.026731554,0.098061509,-0.089298965,0.083087776,0
-0.648676827,0.309845782,-0.048297999,0.073618328,0.166548272,0.048776452,0.071847207,0.046188222,-0.067123557,-0.103946052,-0.090524696,-0.005144082,0.008122021,0.075173058,-0.096470567,0.017329074,0.015632031,0.042128649,0.035560554,-0.041785811,0
0.414076864,-0.288231814,-0.054108199,0.236582932,-0.091282032,-0.022373978,0.054515992,-0.018876999,-0.160819851,0.015681135,0.025643408,0.003711884,-0.065134312,0.003716004,-0.144654188,-0.029790568,-0.011746261,-0.047893148,-0.013317001,-0.013634763,0
0.23997651,-0.586642431,-0.25490512,-0.127702643,-0.407216892,-0.572696566,0.136276146,0.084345182,-0.143711829,-0.003756872,0.169670804,-0.001070837,0.013966673,0.009229673,0.074626104,-0.089666437,-0.03170699,0.026418279,0.048527469,-0.019198096,0
-0.284682246,0.22530354,-0.168381034,-0.004248918,-0.173544936,0.01370004,0.002578368,0.052449369,0.171438791,0.040428224,-0.035617075,-0.021481989,0.062599088,0.026157217,-0.02891092,0.061539846,0.047176548,0.096190898,0.021003595,-0.0051288,0
-0.553347224,0.635091265,-0.061584094,-0.341741203,0.583252115,-0.243903354,-0.038187023,-0.053650457,0.10303872,0.567526566,0.02560706,-0.02201833,-0.064914197,-0.034865499,-0.035491931,-0.052208056,0.011245325,0.035155593,-0.08241892,-0.040059537,0
-0.147811654,0.232044232,-0.420175964,-0.007754503,0.034173925,0.193295199,-0.217114714,0.01080937,0.26192427,0.085751575,-0.012107414,-0.167661135,-0.068369019,0.036456636,-0.046473531,-0.04671163,-0.035019898,-0.036794497,-0.087802091,-0.042326775,0
0.183673699,-0.580498904,-0.217885275,-0.447332632,0.718389026,-0.591307276,0.14803267,0.059124473,0.117974915,0.092506372,0.033045466,-0.005929203,0.013219457,-0.049465984,0.112619765,0.020066587,-0.008010021,0.034013533,0.008229566,0.000370081,0
1.00776882,-0.165116413,-0.476461353,0.18881194,-0.288350644,-0.348259705,0.043212223,0.06885424,-0.055557876,0.138119272,0.116161601,-0.107057233,-0.076431312,0.000408129,-0.004795618,-0.000402474,0.035260897,0.075238514,-0.010482006,-0.064693977,0
-0.065900447,-0.250061378,-0.046899444,-0.427251293,-0.463673388,-0.245688349,0.024333967,-0.005531264,0.004453751,-0.030947249,-0.051504975,-0.228169154,-0.2230015,-0.213343451,0.131742618,-0.054226869,-0.096257063,-0.101035409,-0.039337433,0.006565141,0
0.111882392,-0.05785087,0.050086137,0.119566842,-0.13110793,-0.101947241,-0.004927301,0.053070352,0.25983345,-0.066527851,-0.054418751,0.09834241,0.020592469,-0.001994788,-0.054241607,-0.110342794,0.079076807,0.058844097,-0.003852647,0.016031174,0
-0.351015526,-0.200592973,-0.31647954,0.249620098,-0.067342485,0.134260046,-0.062473566,0.085269123,0.211559127,0.011661639,-0.022423656,-0.0357365,-0.013858353,0.089114442,-0.00686255,0.032489678,-0.032818624,-0.033758063,-0.024805952,0.01478297,0
0.18198803,-0.323332934,-0.436703074,-0.074805722,0.535922619,-0.044281682,-0.000442732,0.00753705,-0.111153056,-0.297653976,0.143189464,-0.059522546,-0.034885885,0.015151441,-0.036218735,0.030859064,-0.017270022,-0.036956639,0.050868085,-0.000490976,0
-0.641428818,0.024644281,-0.008362175,0.268165594,-0.014048282,0.272392116,-0.122508691,-0.003676341,0.021053917,0.039016024,0.023274197,0.010151636,0.055492227,-0.027669978,0.030495754,-0.109945225,-0.003583081,-0.07402158,0.040951333,-0.056362755,0
0.614710341,-0.102160232,0.041208431,-0.424305253,0.305674821,-0.248974726,0.138212777,-0.006341706,-0.231327482,0.134330562,-0.123817726,-0.006866746,-0.106814343,-0.062830774,0.081870748,-0.168706267,-0.059686041,0.04158703,-0.033960132,0.040069592,1
0.015653289,0.901248843,0.061527102,0.213914069,0.002572769,0.215668025,-0.377482515,0.068393281,0.047894246,0.002704329,-0.157009235,0.085880193,-0.201930607,-0.094345595,-0.056299221,0.00774795,-0.050855951,-0.054081227,0.000815373,0.012216931,0
0.664030913,0.960034254,0.497839801,0.283237387,-0.202311276,-0.210962346,-0.228090919,-0.056593778,-0.150205866,0.148773178,-0.253863553,-0.325395889,0.092095081,0.047673552,-0.114621032,-0.161196502,0.008591921,0.276769516,0.01449446,0.042877156,0
-0.31511547,0.267390059,-0.134124285,-0.731531394,-0.395240056,-0.231592347,-0.078028253,-0.127612875,0.009696323,-0.042348545,0.008958574,-0.092391566,-0.103138931,-0.101292141,-0.059616396,-0.033988167,0.073337178,-0.016918527,-0.053387913,0.001233608,0
0.09156608,-0.419547447,-0.327085457,-0.24359835,-0.319016445,-0.074344726,0.001243876,-0.040817006,0.19418346,-0.044805318,0.039018899,0.078183971,-0.037447197,-0.069107646,0.00018839,-0.014791989,0.021583572,-0.036584404,0.012206712,-0.010546195,1
0.106140576,-0.220791608,0.498042073,0.112210653,0.07433453,0.145803782,0.20877618,0.028390534,-0.193283561,-0.09401636,-0.090218773,0.004631414,-0.100090383,0.039766068,-0.11533818,-0.062871194,-0.117755235,-0.111079748,-0.042800843,-0.018602227,1
-0.838047189,-0.725630107,-0.127335825,0.093988454,-0.119402832,0.019438784,0.113686946,0.097890961,0.000641733,0.022676994,-0.127508445,0.067607065,0.142239868,0.01704574,0.000173122,0.028334114,-0.025872293,0.055747169,0.005180609,-0.001545086,0
-0.234477009,-0.420890892,-0.289738455,-0.258673123,0.396145197,0.012569701,-0.020573246,-0.087475925,-0.089202264,-0.312469109,0.141770632,-0.15360563,-0.050632996,-0.008321003,-0.105050309,0.009305596,-0.047579701,-0.016034652,-0.058609639,-0.040220949,1
0.779460152,-0.675765015,-0.271168248,-0.029224773,-0.388179038,-0.659287548,-0.024374782,-0.277044499,-0.288770735,0.063136938,0.16543437,0.114882451,0.014677341,-0.061497669,-0.037359343,0.025778484,-0.120574414,0.062765678,0.113744756,-0.051562526,0
1.003295649,-0.19619475,0.063511344,-0.110265697,0.122858356,0.04668686,0.027634755,0.09257688,-0.24681721,0.348633805,-0.006721348,0.11714542,0.164734561,0.014089667,0.047377907,-0.084571001,0.010445695,0.062755281,0.022955458,-0.018953436,1
-0.42295809,-0.628111005,-0.04988411,0.052662886,-0.241728214,-0.150316593,0.014731942,0.056417845,0.064657449,0.004888865,-0.019865633,0.160765625,-0.019057456,0.029933972,0.030168107,0.026506062,0.053284885,0.00792315,-0.014502193,-0.025830323,0
0.193493963,0.006016879,-0.255173124,-0.101698895,-0.297741048,-0.127846705,-0.086391248,0.038159899,0.039282708,0.013957335,0.137533603,-0.002210137,-0.005759649,-0.103666975,-0.033090012,-0.003982956,0.110298544,0.022591799,-0.027217371,-0.012394408,0
0.194735147,-0.177206302,-0.217247849,-0.328455243,0.316052538,0.173793059,0.145386263,-0.163700078,0.169256633,0.156322762,0.048781332,0.092217017,-0.00707075,0.069576916,0.027980031,-0.021094902,-0.015718869,-0.006585065,0.023164362,0.072596176,0
-0.206337736,0.156130308,-0.044894842,-0.188683456,-0.110685971,0.44786733,-0.135539703,0.177843427,-0.011123649,0.053061246,-0.217435415,0.058550744,0.074222374,-0.007157644,0.066659623,-0.016100524,-0.009584553,0.009422535,0.026045411,-0.003405737,0
-0.839661311,-0.609426183,0.63133918,-0.227141801,0.94627008,0.025920121,-0.262336974,-0.277765179,-0.218841614,-0.117343459,-0.137705024,0.00725207,0.045806165,0.084018105,0.004634145,0.030725555,-0.056471876,0.03258906,0.020218356,0.007017003,0
0.596020123,0.113131298,-0.122354554,0.263740021,-0.057192928,-0.027923412,-0.203618053,0.074997146,-0.168045914,0.071414587,0.084294312,0.032827809,0.134077395,0.006594713,0.059995043,0.094180906,0.033073597,-0.038819462,0.075654628,-0.023280746,1
0.721233834,0.237476613,0.272733037,-0.025494185,0.325771947,-0.146822456,0.025128554,-0.112421957,-0.050571839,0.059147615,-0.097130382,0.020916645,0.025102227,-0.12765391,-0.030922777,0.06909085,0.012868442,0.084755397,-0.010093022,-0.060843989,0
-0.209848082,-0.284510466,-0.379037295,0.197026774,-0.040743334,0.114665341,-0.041996775,0.136584501,0.087734595,-0.003329566,0.005215304,-0.017624842,-0.02207313,-0.004129257,-0.005873841,0.0010609,0.002981956,-0.033539304,-0.024627006,-0.042553842,0
0.001818202,-0.655550879,-0.215731153,0.378591781,0.031267274,0.127289234,0.258515122,0.045940274,0.120895742,0.006290327,-0.071584299,-0.049176009,0.034979139,-0.068009799,-0.027657437,0.006905296,0.015317834,0.00562355,-0.052198948,0.000745472,0
0.526166884,0.451372124,-0.504806291,0.067808174,-0.243604214,0.098525203,0.161124306,-0.358493503,0.295538045,0.034159917,-0.02730779,-0.017029257,-0.111364413,-0.001463068,-0.066184022,0.042319769,-0.037721085,-0.00702661,0.026113798,0.128360494,0
-0.308163345,0.043157492,-0.141050288,0.132012923,-0.011368958,-0.09399105,-0.195239439,-0.060535367,0.17066942,-0.066818161,0.003683802,-0.013672251,0.027177494,-0.017320499,-0.007336539,-0.042682984,-0.003556977,-0.05128993,0.085482833,-0.027235168,1
0.081817622,-0.156856675,0.257041385,0.080397754,-0.186708106,-0.03585812,-0.293978567,-0.093631449,0.064188652,-0.001833197,0.041376731,-0.021105696,0.073959429,0.160166418,0.010115159,0.127892121,-0.060802983,-0.017396195,0.025170896,-0.004109293,0
0.225279141,-0.10453515,0.058302048,-0.162204899,-0.238137748,0.13151859,0.158794788,0.016543819,-0.193368559,0.031200246,0.139009752,0.082756008,-0.128092554,0.180925719,-0.156918492,-0.017528502,0.034310805,0.038375733,0.048024884,-0.024909223,0
1.043236852,-0.463219124,-0.327669182,-0.054277684,-0.035686824,-0.030744026,-0.180870021,-0.022960283,0.025997131,-0.004482942,0.140028804,0.080607129,-0.002871518,-0.107198563,0.020821142,0.0574547,-0.018796258,-0.060081763,-0.023859358,-0.004228186,1
0.372687777,-0.041884068,0.174784608,-0.115359953,0.044953232,-0.027182264,0.321279088,-0.285117342,0.317925783,0.250917803,-0.000594836,-0.017316462,0.020773769,0.283982749,0.021475545,0.052691593,-0.059803658,0.009462808,-0.040806801,0.024668642,1
0.148351893,1.104206697,0.325444954,0.219330612,0.044447961,0.25777041,0.270743674,0.007854765,0.231628422,-0.127923573,0.061567649,-0.001097877,0.103787192,-0.099023492,0.190974383,0.056633033,-0.043546939,0.04300371,0.034789396,-0.109545856,0
1.638969483,0.039634584,-0.533126777,-0.089489211,0.037666064,0.337341156,-0.055913432,0.019877399,-0.008044543,-0.199235106,0.034749206,0.089826043,0.062661658,0.075594651,0.098439852,-0.102851342,-0.002249304,0.011943819,0.04313647,0.08164576,1
-0.26478835,-0.084433799,0.408520144,-0.176202718,-0.144780346,0.092928085,-0.208945312,0.030456837,-0.101720356,-0.062766854,0.206526901,0.027804269,-0.068800048,-0.07002691,0.027540524,0.102604291,0.040053164,0.047648746,-0.035461109,0.001730129,1
0.100589382,-0.535229666,-0.246263669,0.247112887,-0.165007154,0.041521915,-0.008994011,0.147620625,0.102752779,0.073793365,0.016939758,0.001819488,-0.083100793,0.056682008,0.047948742,-0.085401783,0.052979658,0.01331996,0.00856171,-0.044071693,0
0.597657133,-1.13E-05,0.31117685,0.170415738,-0.117491822,-0.183103895,0.194246642,-0.038843191,0.092550472,-0.029006668,0.046504043,-0.143973253,-0.102115176,0.115388724,0.144938059,-0.050926072,-0.008709273,0.00119705,0.001313601,-0.005154974,0
0.968763758,-0.188614115,-0.225949838,-0.062184673,-0.04062212,0.275051169,-0.180749302,0.040107475,-0.137272194,0.00219845,-0.1280305,-0.063346768,-0.020728156,-0.044344642,0.142910874,-0.011589241,-0.075686076,-0.003350292,-0.034053739,0.043946993,1
0.240345383,-0.446555044,-0.433412366,0.146036998,0.076450461,0.138373983,-0.099243358,0.177519108,0.020161556,-0.1215444,0.17032012,-0.035480403,0.0157248,0.097685436,0.011410518,-0.043008621,0.037414031,0.026674996,-0.076635291,-0.025141327,0
-0.614219041,1.067733624,-0.066197208,-0.562031083,-0.16499591,0.393828025,-0.222616857,-0.046063007,-0.292447429,-0.016515314,0.15264692,-0.081150091,0.035887021,0.147665705,-0.078526531,-0.113214846,0.131448604,-0.013136673,-0.060863218,-0.025517643,0
-0.67123471,-0.398243383,0.267734113,0.097614712,-0.057323404,-0.077702154,-0.01814659,0.099653696,0.088398515,-0.094525549,0.029621899,-0.125643706,0.027357805,0.063665079,-0.025111468,0.042018788,-0.018658792,0.032184719,-0.092145463,0.04569839,0
0.399127187,-0.037282763,0.722867832,-0.128044542,0.307359542,-0.077489258,0.059349246,0.111159761,0.326747013,0.092591999,-0.006798924,-0.075309499,-0.156961498,0.235003861,-0.16482289,0.086384253,0.046106243,0.011646274,0.116705709,-0.006199425,0
0.717091852,0.338248257,-0.467772,-0.227796917,0.298736923,-0.066715434,0.053877565,-0.057458048,0.260112744,0.230749951,-0.068289578,0.024604809,0.04568773,-0.040150381,0.063030156,-0.035817635,-4.11E-05,-0.055274955,0.008000758,0.033198442,0
-0.11666728,-0.085786376,-0.216759894,0.076430686,0.072767306,0.090856771,-0.058992479,0.058733286,0.071850188,-0.031011182,-0.027101053,-0.025361043,-0.133786765,0.021312843,-0.056946009,-0.081490943,-0.002918514,-0.060681587,-0.030098902,-0.001017537,0
-0.693379297,-0.650387196,0.348805321,-0.094631831,0.172370531,-0.283755983,0.337340381,-0.310486948,0.127726595,0.108795261,0.055196626,0.044145999,0.050128748,-0.164671466,0.037750475,-0.032262348,-0.004322605,0.001440545,-0.044690693,0.000858064,0
0.367130991,0.230949376,0.205660072,0.394587799,-0.172694396,-0.042694723,-0.283627479,-0.132487052,-0.458449105,0.251543021,0.091136287,-0.064045491,-0.073056867,-0.025075262,-0.035115993,0.023628041,-0.091860671,-0.048430092,-0.023022097,0.006332988,1
0.037311294,-0.333718926,0.039198321,0.292277189,-0.086945479,-0.027710074,-0.164676407,-0.020995975,-0.108640858,0.111805986,-0.010814091,-0.028919081,0.05943374,0.011930994,0.025957202,0.00054158,-0.044996042,-0.040914503,0.011445584,0.000376811,0
0.355618332,-0.003269753,0.019717514,-0.467943755,0.714779111,0.212475714,-0.094808276,-0.011723669,0.429807496,0.360621531,0.214044625,0.040014528,-0.113649806,-0.001780216,0.1061832,-0.016822006,0.023842177,-0.00317604,-0.024127327,-0.014511601,1
0.220888872,-0.039964793,0.194464052,0.161009141,-0.203400471,-0.043998484,0.012278764,0.034857107,0.056610618,0.040984894,0.007785994,0.091669199,0.035103393,0.087093332,-0.063769107,-0.000951913,0.021842476,-0.020646057,0.014624765,-0.043236514,0
-0.602920774,-0.042652727,-0.064134798,-0.367590133,0.052673543,0.280531444,-0.208403669,-0.033946177,-0.071114369,-0.041130921,0.04991425,0.02018846,-0.034811828,0.057960487,0.049575789,0.050919391,-0.038802301,0.03345715,-0.023620545,0.026992755,1
-0.098655472,-0.355860978,0.241449444,-0.41996319,0.198211919,-0.106683932,0.104705582,0.279328449,-0.22925925,-0.457574038,0.156758154,-0.146683157,0.061118176,0.141570972,-0.060824327,-0.014649933,0.018950676,0.034555004,-0.061114051,0.000675361,0
-0.287328368,-0.396448895,-0.209960019,-0.008027353,0.035751786,0.424023727,0.026439889,0.193992957,-0.006484157,-0.027192691,-0.081025469,0.034480414,0.066597788,-0.007685585,-0.009542723,0.029035387,0.03854862,0.052268904,0.001691967,-0.036465407,0
-0.039613815,-0.179919715,-0.112897563,-0.475875971,-0.195042027,0.015826604,-0.018609916,0.038981248,0.097621014,0.190650353,0.023333493,-0.087611571,0.054414665,-0.03708397,0.059615761,0.061640768,-0.018435182,-0.013424302,0.000463725,0.004439444,1
0.418196752,-0.446374629,-0.226595458,-0.062990588,-0.138375874,0.024591628,-0.155125256,0.158456472,0.084295573,-0.05680179,0.018539104,-0.062455959,-0.00143306,0.199477549,0.029097669,0.040956193,-0.02879225,0.023951431,-0.037195949,-0.017046385,0
0.052926463,-0.435031225,0.143188703,-0.22371791,-0.021401837,0.12913787,-0.16494727,0.08765266,0.350749843,0.065486991,0.172781759,0.027004929,0.046747739,-0.100573664,-0.014789366,-0.072126647,0.073488169,-0.01014308,-0.00203076,0.004544161,1
0.370655963,0.372706193,0.37371767,0.046634898,-0.138952922,-0.024576473,-0.021904689,0.516325328,-0.327884828,0.179559556,-0.259972535,0.157730545,-0.159994728,0.016203016,0.079428534,0.170746742,-0.079674819,0.060903293,-0.076262935,-0.001604519,0
-0.045138532,0.440063323,0.312546308,-0.041721409,-0.047759919,0.497485974,0.123042457,0.29570112,0.097940481,0.035181493,-0.056422982,-0.031403572,0.030345757,-0.102585894,-0.045214511,-0.002676126,-0.028010283,0.023164189,0.043819299,-0.023704285,0
0.344011279,-0.075559925,-0.153160522,-0.388113681,0.371830464,0.08637377,-0.081816894,-0.044049357,0.061745302,-0.183910073,0.046985691,0.018912039,0.128883829,0.080823804,-0.008939476,0.079288984,-0.039335032,0.020401653,-0.001652565,0.022142789,1
-0.667784737,-0.624948962,-0.170237733,0.057616856,-0.06539559,0.307449551,0.464691964,-0.060320945,-0.112411405,-0.004120662,-0.08727679,0.113585052,0.071423021,-0.074083597,-0.051812494,-0.004294214,0.030225839,-0.007331317,0.06186482,0.131511378,0
0.095619769,-0.232969634,0.246991654,0.09935649,0.077998962,0.246558482,0.0618918,-0.157651888,-0.070958559,-0.081542069,-0.003035738,0.066527431,-0.070701322,-0.071578607,-0.050024397,-0.024736952,-0.005154082,0.007893708,0.019492165,-0.024725685,1
0.1554083,-0.102618489,0.010322794,0.199000345,0.074376303,0.160410373,-0.160245029,0.164290546,-0.14000712,-0.03341379,-0.032118067,0.127922447,-0.039907756,-0.032121565,-0.021283565,0.059234807,0.012678212,0.042656322,-0.013348361,-0.031602937,0
0.466560023,-0.148949493,-0.11944337,-0.483439268,0.513148032,-0.005818032,-0.153237788,0.018612661,0.157760148,0.205952669,-0.028369506,0.026357503,-0.034361342,0.006687184,-0.018618381,-0.023072966,-0.001465655,0.021852693,-0.003517649,-0.028867059,1
-0.449069985,0.500656753,0.277869648,-0.078573992,-0.206246243,0.070957791,-0.127415988,-0.13544046,-0.043850334,-0.030643705,-0.030527189,0.19561765,-0.207287859,-0.107017663,-0.078060337,-0.016491147,0.064804623,-0.017851344,-0.002071114,-0.017246716,0
1.503728523,-1.036305965,-0.168274664,0.399346848,0.034332255,0.056563673,-0.187011421,-0.157627711,-0.512193418,0.252727991,0.181474451,0.128668674,0.062808661,-0.05390281,0.018213303,0.02759974,-0.0487891,0.026723085,0.003121668,0.018779245,1
-0.170911243,0.560262295,0.23808677,-0.268865367,-0.138836237,-0.075867662,-0.163270231,0.160846708,0.105958328,-0.107164376,0.048123243,-0.010769592,-0.028431806,0.143664599,0.034992179,0.004917644,0.021416332,0.032841577,0.033216767,-0.048755313,0
-0.637259383,-0.492365226,0.073265175,-0.042503627,0.143748158,0.09115867,-0.099848959,0.050104483,0.022363157,0.171824182,-0.05039237,0.030598918,0.136366131,0.016202493,0.030826601,-0.028023214,-0.037937701,0.04792519,0.011392684,-0.049872941,0
-0.044540278,-0.217327177,-0.173088608,0.081307032,-0.107789621,0.194737509,-0.14515955,-0.014989785,0.127688052,0.027035243,-0.008333681,0.100544432,0.046490882,-0.091845021,0.020279388,-0.016963697,0.017870338,-0.039615902,0.010918733,0.003305118,0
0.148054632,-0.309108605,-0.28275699,-0.133149955,0.405264295,0.011923726,-0.086360879,0.127981723,-0.083939156,-0.32204031,-0.058872147,0.044548481,-0.003090908,-0.040840034,-0.024864869,0.019218306,0.053119121,-0.013403942,0.054089602,-0.050778135,0
1.160727514,-0.074131412,-0.393430632,0.140764219,-0.179241526,0.090691275,-0.01437976,0.067341063,-0.012863133,0.116655568,-0.15422787,0.112366286,-0.141650935,0.002513385,0.077890831,-0.002405318,0.072766985,0.064538928,-0.003619034,-0.028797008,0
-0.067842929,-0.365548177,0.321922112,-0.462544205,-0.385275528,-0.096639635,0.049109354,-0.043572399,0.191870598,-0.079307935,-0.077432891,0.013140713,-0.0404191,0.029012683,-0.061900794,0.057590538,-0.004606212,-0.047540234,0.053451632,-0.027668769,0
-0.065004493,0.822071673,-0.019310988,-0.650653851,-0.327493971,-0.047087684,0.272751186,0.216983562,-0.115068786,-0.00431676,-0.074857987,-0.236176345,0.185693457,-0.040993149,0.018709489,0.224131285,0.060386849,-0.031239406,0.025747845,0.055898151,0
0.991888837,0.369082423,0.114266712,-0.007831622,-0.166412985,0.144506819,-0.112218025,0.175309439,-0.037794455,0.083274245,-0.108779031,-0.232518305,-0.045756685,-0.127200495,0.034059663,0.090770667,0.004253349,0.034383709,0.014083281,-0.010069077,0
0.823921012,-0.265264448,0.11584518,0.243158377,-0.129133642,0.061426054,-0.399977049,0.175888932,0.078315534,0.083116941,0.078396133,-0.128947541,-0.051944311,-0.032994724,-0.004920629,0.082701337,-0.0096196,-0.120032175,-0.062856229,0.090209828,0
0.312475253,-0.513263197,0.295055148,-0.083742307,-0.378983811,-0.136275633,-0.03269224,-0.079799126,0.172621134,0.010733741,-0.087729524,0.00804798,0.052016031,0.130397058,-0.007188862,0.057764507,-0.005849884,-0.033151683,0.032575162,-0.011188273,0
-0.297103012,-0.438614367,0.254492517,-0.229534522,-0.096249386,0.020166321,0.092885061,0.275775421,-0.127148526,-0.032783783,-0.058550557,-0.095118941,-0.022266589,-0.080181608,0.029947454,-0.00251362,-0.057405921,-0.033996115,-0.017067598,-0.027886348,0
-0.568399487,-0.351829077,0.645199527,0.12161694,-0.111858769,0.035800337,-0.276231949,-0.08363024,0.162645876,-0.045129592,0.195901957,-0.022790781,0.030339787,0.110907386,0.120615269,-0.126386383,0.040962084,0.006227153,0.02330814,0.078056219,0
0.307475735,0.41014781,0.161910453,-0.271573421,-0.169293885,0.072638448,0.270229247,0.190763158,0.094377115,0.032007431,0.208600457,-0.338159788,0.117832524,0.039890677,-0.086130214,0.108171153,-0.010083615,0.012801941,0.025952049,-0.044928779,0
0.747095038,-0.21799125,0.231363513,-0.016641456,-0.147017545,-0.107312964,0.307816063,0.248463162,-0.066856738,-0.067639515,-0.000348436,-0.162273775,-0.093117158,-0.086008821,0.113245237,-0.101874308,0.05640975,-0.025859952,0.005251255,-0.031619998,0
-0.194859568,-0.728791794,-0.033073796,-0.57513397,0.406558838,-0.226808238,-0.039951951,-0.059822327,-0.125999479,-0.356871267,0.012449823,-0.035779458,0.059682971,-0.002592509,0.063914514,-0.007871088,-0.082933503,0.063319211,0.024930289,0.021387967,1
-0.305923297,-0.694713035,0.140383517,-0.404051249,-0.198163419,0.023083978,0.093189692,-0.00232279,0.037201274,0.015425511,-0.061010826,-0.018942479,-0.117009997,-0.095173086,0.068434395,-0.024388086,0.009260132,-0.02814232,0.0063225,-0.021032817,1
0.838564335,-0.076213331,-0.418945714,-0.134402504,-0.276955569,0.258552578,0.30470886,2.21E-05,0.246033774,-0.001301409,-0.22788104,-0.015332637,0.047686125,-0.196900495,-0.000111791,-0.053056922,0.123565451,0.122859896,0.048169974,-0.032319165,0
-0.712213926,-0.845539205,0.153746005,-0.137587006,-0.17080927,0.146412199,0.128457025,-0.062553971,-0.028562461,0.044436311,-0.0558604,0.035066658,-0.017439935,-0.149701002,0.073893519,-0.003221649,-0.026542622,0.037805416,-0.007161614,0.020584453,0
-0.662974427,-0.3604928,-0.085532199,0.001923738,-0.08430015,0.540780599,-0.022984341,0.007746197,0.043584519,0.050844843,-0.035403942,0.11111527,0.021415464,-0.055977994,-0.055985332,-0.035699028,0.025288627,-0.062954744,0.000730425,-0.013124686,0
0.325761374,-0.625262225,0.727920611,0.527436781,0.068757676,0.175331583,-0.097281346,-0.115689213,-0.218612766,0.075646707,-0.264546133,-0.28841553,-0.193816679,0.102875849,-0.027832983,0.050846161,0.198757825,-0.150241082,0.126515163,-0.013189495,0
-0.381074474,-0.426746845,0.320638006,-0.1566755,-0.137690583,0.059922032,0.111437909,-0.135914921,0.007026457,0.092083902,-0.053638699,-0.06096774,0.130764259,0.020643107,-0.131191872,-0.006942775,-0.040615426,0.003608004,0.01078441,-0.040848181,0
1.101619304,0.177594259,0.532763762,0.010615611,-0.296848671,-0.014118581,-0.165174825,-0.290513324,0.544415643,-0.131289459,-0.26665553,-0.108717298,0.225093134,0.101120786,-0.128516289,-0.003971282,0.055065874,-0.036206836,-0.028854486,0.016385035,0
0.268019096,0.052725169,0.473026783,-0.012608988,-0.124349734,0.009014492,-0.196279914,-0.146979391,0.139233148,-0.152869145,-0.202438088,0.043643436,-0.016096553,0.133171324,0.040698634,0.022297366,-0.019509596,-0.021344374,0.024977738,0.016563368,0
-0.567976795,0.110094488,0.228638448,-0.206948187,-0.143461303,0.180839938,-0.179702216,0.039308219,-0.076632117,-0.03749288,-0.032840199,-0.02848533,-0.135255364,-0.039916938,0.089544247,0.004719049,-0.008522627,0.039715727,-0.019376037,-0.033922905,0
1.564779459,-0.153769586,0.517179929,-0.012640967,-0.275782332,-0.441873612,-0.241146013,-0.363452759,-0.208001213,-0.125057553,0.066361911,-0.110698905,0.147723651,-0.040752974,0.18922811,0.018340734,0.115845662,0.006244147,-0.053020907,0.046530228,0
1.351935603,0.001561718,0.131724257,-0.077643238,-0.37705344,-0.191192963,-0.221060407,-0.107612888,-0.21579037,0.181598092,-0.128897154,-0.046363547,0.086963917,-0.143838036,0.015698789,0.207798011,-0.134269357,-0.073548482,-0.061128669,-0.00143377,0
-0.815696907,-0.224984206,0.390523017,-0.380016816,-0.09179138,-0.106584738,-0.033549066,-0.260449029,-0.034033936,0.045432421,0.080083522,-0.018908601,-0.203576995,-0.191997293,-0.089264304,0.108041527,-0.004941407,0.081575205,-0.080335751,0.033955417,0
0.371982842,-0.390477891,0.24306001,0.071177176,-0.021697624,0.239173317,-0.152150049,0.173839814,-0.007090683,0.08604547,0.154160334,-0.105021343,0.017516601,0.029399323,-0.015358115,0.008982838,0.048940383,0.013465509,0.003170052,-0.005223596,0
0.144712024,-0.524951114,0.093428984,-0.33426189,-0.160867643,-0.027727981,-0.027738898,0.194363594,0.028346324,-0.153704099,-0.048792075,-0.00054977,-0.006106994,0.004055933,-0.029964754,0.075741649,0.029459984,0.006012548,-0.004866711,-0.026404517,0
0.401316861,0.192063008,0.204759946,-0.495388123,-0.456635791,-0.053787694,0.02636051,-0.027548792,0.144938697,0.020497479,-0.014365941,0.024677532,0.086379214,0.192115308,-0.025471637,0.050334276,0.027672559,0.009037831,0.101893647,-0.010811445,0
-0.220513003,0.552132611,0.202818786,-0.57921384,0.297590932,0.173977652,0.032880669,-0.139860985,0.116883277,0.453483501,-0.128017163,0.0440872,-0.103563602,-0.075826012,0.150575005,-0.044705465,-0.043866957,-0.027453964,0.05695758,-0.044314671,0
0.63915908,-1.019494094,0.551513837,0.332098819,0.222769429,-0.069920305,0.134248497,-0.078138926,-0.366212039,-0.11315713,-0.21214781,0.09287974,0.029522848,0.122433816,-0.048372783,0.019303306,0.186908141,-0.027197634,-0.053583797,-0.0277893,0
-0.471437149,-0.30062066,0.337357861,-0.377601826,-0.378522881,-0.015735835,0.041947285,-0.090400078,0.114492803,-0.061719798,-0.112296937,0.029713486,0.006216072,-0.07382954,0.091438876,0.046048494,-0.029067471,0.049257263,-0.027408587,0.032215494,0
-0.289401094,-0.660869704,0.272718147,-0.138704871,-0.175381225,0.01086046,0.188523086,-0.230219319,-0.021316349,-0.170343037,0.105422007,0.030734521,0.053747471,-0.160899624,0.029832153,-0.026491274,0.011662314,-0.016171801,0.022937321,0.004330962,0
-0.202005555,-0.342401496,0.279769678,-0.212770305,-0.147746186,0.069895306,0.094030453,-0.01147643,-0.159913364,-0.091462242,0.01104488,-0.022777784,-0.037074792,-0.155031978,-0.052020826,-0.011735294,0.045296313,0.031226903,-0.007153921,-0.00696043,0